Vendor,TVL USD,TVL %,Vault Count,Vault %
Fixed Rate,462652174.5626848,62.85,6,15.00
Chainlink,260083549.75747648,35.33,20,50.00
Other,10639504.36932998,1.45,7,17.50
Unknown,6648546.312077966,0.90,7,17.50
Pyth,2966431.593578072,0.40,6,15.00
Cross,2268479.18002688,0.31,5,12.50
Rate Provider,931140.2468640613,0.13,2,5.00
RedStone,299842.6316714889,0.04,1,2.50
Midas,229005.20218508304,0.03,1,2.50
Chronicle,227831.95806645727,0.03,1,2.50